[

  {
    "recipeId": 1,
    "recipeName": "Pancakes",
    "recipeIngredients": [

      "Plain Flour",
      "Eggs",
      "Milk",
      "Vegetable oil"
          ],
    "quantities": [

      "100",
      "2",
      "300",
      "1"
    ],
    "displayqty": [

      "100g",
      "2",
      "300mL",
      "1tbsp"
    ],
    "method": [
      "STEP 1: Put 100g plain flour, 2 large eggs, 300ml milk, 1 tbsp sunflower or vegetable oil and a pinch of salt into a bowl or large jug, then whisk to a smooth batter.",
     "STEP 2: Set aside for 30 mins to rest if you have time, or start cooking straight away.",
      "STEP 3: Set a medium frying pan or crêpe pan over a medium heat and carefully wipe it with some oiled kitchen paper.",
      "STEP 4: When hot, cook your pancakes for 1 min on each side until golden, keeping them warm in a low oven as you go.",
      "STEP 5: Serve with lemon wedges and caster sugar, or your favourite filling. Once cold, you can layer the pancakes between baking parchment, then wrap in cling film and freeze for up to 2 months."
    ]
  },
  {
    "recipeId": 2,
    "recipeName": "Apple Juice1",
    "recipeIngredients": [

      "Water",
      "Apple",
      "Water",
      "Apple",
      "Water",
      "Apple",
      "Water"
    ],
    "quantities": [

      "265",
      "40",
      "140",
      "2",
      "2",
      "145",
      "50"
    ],
    "method": [
      "Stir",
      "pour"
    ]
  },
  {
    "recipeId": 3,
    "recipeName": "Apple Jui2ce",
    "recipeIngredients": [

      "Water",
      "Apple",
      "Water",
      "Apple",
      "Water",
      "Apple",
      "Water"
    ],

    "quantities": [

      "265",
      "40",
      "140",
      "2",
      "2",
      "25",
      "50"
    ],
    "method": [
      "Stir",
      "pour"
    ]

  },
  {
    "recipeId": 4,
    "recipeName": "Apple uice",
    "recipeIngredients": [

      "Water",
      "Apple",
      "Water",
      "Apple",
      "Water",
      "Apple",
      "Water"
    ],
    "quantities": [

      "25",
      "40",
      "140",
      "2",
      "2",
      "125",
      "50"
    ]
  },
  {
    "recipeId": 5,
    "recipeName": "Appe Juice",
    "recipeIngredients": [

      "Water",
      "Apple",
      "Water",
      "Apple",
      "Water",
      "Apple",
      "Water"
    ],
    "quantities": [

      "265",
      "40",
      "140",
      "2",
      "20",
      "125",
      "50"
    ]
  },
  {
    "recipeId": 6,
    "recipeName": "Apple Juie",
    "recipeIngredients": [

      "Water",
      "Apple",
      "Water",
      "Apple",
      "Water",
      "Apple",
      "Water"
    ],
    "quantities": [

      "265",
      "40",
      "14",
      "2",
      "2",
      "125",
      "50"
    ]
  },
  {
    "recipeId": 7,
    "recipeName": "Aple Juice",
    "recipeIngredients": [

      "Water",
      "Apple",
      "Water",
      "Apple",
      "Water",
      "Apple",
      "Water"
    ],
    "quantities": [

      "265",
      "40",
      "140",
      "2",
      "2",
      "125",
      "5"
    ]
  },
  {
    "recipeId": 8,
    "recipeName": "Apple Juice",
    "recipeIngredients": [

      "Water",
      "Apple",
      "Water",
      "Apple",
      "Water",
      "Apple",
      "Water"
    ],
    "quantities": [

      "265",
      "40",
      "140",
      "2",
      "2",
      "125",
      "50"
    ]
  },
  {
    "recipeId": 9,
    "recipeName": "Apple Juice",
    "recipeIngredients": [

      "Water",
      "Apple",
      "Water",
      "Apple",
      "Water",
      "Apple",
      "Water"
    ],
    "quantities": [

      "265",
      "40",
      "140",
      "2",
      "2",
      "125",
      "50"
    ]
  },
  {
    "recipeId": 10,
    "recipeName": "Apple Juice",
    "recipeIngredients": [

      "Water",
      "Apple",
      "Water",
      "Apple",
      "Water",
      "Apple",
      "Water"
    ],
    "quantities": [

      "265",
      "40",
      "140",
      "2",
      "2",
      "125",
      "50"
    ]
  },
  {
    "recipeId": 11,
    "recipeName": "Apple Juice",
    "recipeIngredients": [

      "Water",
      "Apple",
      "Water",
      "Apple",
      "Water",
      "Apple",
      "Water"
    ],
    "quantities": [

      "265",
      "40",
      "140",
      "2",
      "2",
      "125",
      "50"
    ]
  },
  {
    "recipeId": 12,
    "recipeName": "Apple Juice",
    "recipeIngredients": [

      "Water",
      "Apple",
      "Water",
      "Apple",
      "Water",
      "Apple",
      "Water"
    ],
    "quantities": [

      "265",
      "40",
      "140",
      "2",
      "2",
      "125",
      "50"
    ]
  },{
  "recipeId": 13,
  "recipeName": "Apple Juice",
  "recipeIngredients": [

    "Water",
    "Apple",
    "Water",
    "Apple",
    "Water",
    "Apple",
    "Water"
  ],
  "quantities": [

    "265",
    "40",
    "140",
    "2",
    "2",
    "125",
    "50"
  ]
},{
  "recipeId": 14,
  "recipeName": "Apple Juice",
  "recipeIngredients": [

    "Water",
    "Apple",
    "Water",
    "Apple",
    "Water",
    "Apple",
    "Water"
  ],
  "quantities": [

    "265",
    "40",
    "140",
    "2",
    "2",
    "125",
    "50"
  ]
},
  {
    "recipeId": 15,
    "recipeName": "Apple Juice",
    "recipeIngredients": [

      "Water",
      "Apple",
      "Water",
      "Apple",
      "Water",
      "Apple",
      "Water"
    ],
    "quantities": [

      "265",
      "40",
      "140",
      "2",
      "2",
      "125",
      "50"
    ]
  },
  {
    "recipeId": 16,
    "recipeName": "Apple Juice",
    "recipeIngredients": [

      "Water",
      "Apple",
      "Water",
      "Apple",
      "Water",
      "Apple",
      "Water"
    ],
    "quantities": [

      "265",
      "40",
      "140",
      "2",
      "2",
      "125",
      "50"
    ]
  },
  {
    "recipeId": 17,
    "recipeName": "Apple Juice",
    "recipeIngredients": [

      "Water",
      "Apple",
      "Water",
      "Apple",
      "Water",
      "Apple",
      "Water"
    ],
    "quantities": [

      "265",
      "40",
      "140",
      "2",
      "2",
      "125",
      "50"
    ]
  },{
  "recipeId": 18,
  "recipeName": "Apple Juice",
  "recipeIngredients": [

    "Water",
    "Apple",
    "Water",
    "Apple",
    "Water",
    "Apple",
    "Water"
  ],
  "quantities": [

    "265",
    "40",
    "140",
    "2",
    "2",
    "125",
    "50"
  ]
},
  {
    "recipeId": 19,
    "recipeName": "Apple Juice",
    "recipeIngredients": [

      "Water",
      "Apple",
      "Water",
      "Apple",
      "Water",
      "Apple",
      "Water"
    ],
    "quantities": [

      "265",
      "40",
      "140",
      "2",
      "2",
      "125",
      "50"
    ]
  },
  {
    "recipeId": 20,
    "recipeName": "Apple Juice",
    "recipeIngredients": [

      "Water",
      "Apple",
      "Water",
      "Apple",
      "Water",
      "Apple",
      "Water"
    ],
    "quantities": [

      "265",
      "40",
      "140",
      "2",
      "2",
      "125",
      "50"
    ]
  }




]
